               epoch,      train/box_loss,      train/cls_loss,      train/dfl_loss,   metrics/precision,      metrics/recall,     metrics/mAP_0.5,metrics/mAP_0.5:0.95,        val/box_loss,        val/cls_loss,        val/dfl_loss,               x/lr0,               x/lr1,               x/lr2
                   0,              2.0485,              2.0152,              1.7369,                   0,                   0,                   0,                   0,                   0,                   0,                   0,             0.07017,           0.0033144,           0.0033144
                   1,              1.8366,              1.2469,               1.644,                   0,                   0,                   0,                   0,                   0,                   0,                   0,             0.04017,           0.0066473,           0.0066473
                   2,              1.7762,              1.1375,              1.6104,                   0,                   0,                   0,                   0,                   0,                   0,                   0,            0.010168,           0.0099786,           0.0099786
                   3,              1.7583,               1.084,              1.5917,                   0,                   0,                   0,                   0,                   0,                   0,                   0,           0.0099945,           0.0099945,           0.0099945
                   4,              1.7194,              1.0278,              1.5636,                   0,                   0,                   0,                   0,                   0,                   0,                   0,           0.0099945,           0.0099945,           0.0099945
                   5,              1.7046,              1.0751,              1.5506,                   0,                   0,                   0,                   0,                   0,                   0,                   0,           0.0099902,           0.0099902,           0.0099902
                   6,              1.6877,             0.99252,              1.5449,                   0,                   0,                   0,                   0,                   0,                   0,                   0,           0.0099847,           0.0099847,           0.0099847
                   7,              1.6795,             0.99449,              1.5411,                   0,                   0,                   0,                   0,                   0,                   0,                   0,            0.009978,            0.009978,            0.009978
                   8,              1.6749,             0.98948,              1.5428,                   0,                   0,                   0,                   0,                   0,                   0,                   0,           0.0099701,           0.0099701,           0.0099701
                   9,              1.6585,             0.97768,              1.5213,                   0,                   0,                   0,                   0,                   0,                   0,                   0,            0.009961,            0.009961,            0.009961
                  10,              1.6526,             0.98004,              1.5214,                   0,                   0,                   0,                   0,                   0,                   0,                   0,           0.0099506,           0.0099506,           0.0099506
                  11,              1.6349,             0.96238,              1.5142,                   0,                   0,                   0,                   0,                   0,                   0,                   0,           0.0099391,           0.0099391,           0.0099391
                  12,              1.6467,              0.9629,              1.5198,                   0,                   0,                   0,                   0,                   0,                   0,                   0,           0.0099263,           0.0099263,           0.0099263
                  13,              1.6545,             0.96604,              1.5222,                   0,                   0,                   0,                   0,                   0,                   0,                   0,           0.0099123,           0.0099123,           0.0099123
                  14,              1.6459,             0.97091,              1.5285,                   0,                   0,                   0,                   0,                   0,                   0,                   0,           0.0098972,           0.0098972,           0.0098972
                  15,              1.6205,             0.94279,              1.5077,                   0,                   0,                   0,                   0,                   0,                   0,                   0,           0.0098808,           0.0098808,           0.0098808
                  16,               1.604,             0.94013,              1.4995,                   0,                   0,                   0,                   0,                   0,                   0,                   0,           0.0098632,           0.0098632,           0.0098632
                  17,              1.6162,             0.93402,                1.49,                   0,                   0,                   0,                   0,                   0,                   0,                   0,           0.0098445,           0.0098445,           0.0098445
                  18,              1.6075,             0.93283,              1.5007,                   0,                   0,                   0,                   0,                   0,                   0,                   0,           0.0098246,           0.0098246,           0.0098246
                  19,              1.5971,             0.92718,              1.4931,                   0,                   0,                   0,                   0,                   0,                   0,                   0,           0.0098035,           0.0098035,           0.0098035
                  20,               1.605,             0.93352,              1.5035,                   0,                   0,                   0,                   0,                   0,                   0,                   0,           0.0097812,           0.0097812,           0.0097812
                  21,              1.5945,             0.91897,              1.4808,                   0,                   0,                   0,                   0,                   0,                   0,                   0,           0.0097577,           0.0097577,           0.0097577
                  22,              1.5882,             0.91453,              1.4906,                   0,                   0,                   0,                   0,                   0,                   0,                   0,           0.0097331,           0.0097331,           0.0097331
                  23,              1.5949,             0.91631,              1.4918,                   0,                   0,                   0,                   0,                   0,                   0,                   0,           0.0097074,           0.0097074,           0.0097074
                  24,              1.5935,             0.92583,              1.4911,                   0,                   0,                   0,                   0,                   0,                   0,                   0,           0.0096804,           0.0096804,           0.0096804
                  25,              1.5896,             0.91031,              1.4898,                   0,                   0,                   0,                   0,                   0,                   0,                   0,           0.0096524,           0.0096524,           0.0096524
                  26,              1.5718,             0.89766,               1.476,                   0,                   0,                   0,                   0,                   0,                   0,                   0,           0.0096232,           0.0096232,           0.0096232
                  27,              1.5563,             0.90085,              1.4675,                   0,                   0,                   0,                   0,                   0,                   0,                   0,           0.0095929,           0.0095929,           0.0095929
                  28,              1.5603,              0.8984,              1.4728,                   0,                   0,                   0,                   0,                   0,                   0,                   0,           0.0095614,           0.0095614,           0.0095614
                  29,              1.5846,             0.91152,              1.4879,                   0,                   0,                   0,                   0,                   0,                   0,                   0,           0.0095289,           0.0095289,           0.0095289
                  30,              1.5524,             0.89877,               1.471,                   0,                   0,                   0,                   0,                   0,                   0,                   0,           0.0094952,           0.0094952,           0.0094952
                  31,              1.5614,              0.8994,              1.4743,                   0,                   0,                   0,                   0,                   0,                   0,                   0,           0.0094605,           0.0094605,           0.0094605
                  32,              1.5621,             0.88027,              1.4608,                   0,                   0,                   0,                   0,                   0,                   0,                   0,           0.0094246,           0.0094246,           0.0094246
                  33,              1.5693,             0.88548,              1.4648,                   0,                   0,                   0,                   0,                   0,                   0,                   0,           0.0093877,           0.0093877,           0.0093877
                  34,              1.5677,             0.89797,              1.4857,                   0,                   0,                   0,                   0,                   0,                   0,                   0,           0.0093497,           0.0093497,           0.0093497
                  35,              1.5545,              0.8914,              1.4702,                   0,                   0,                   0,                   0,                   0,                   0,                   0,           0.0093107,           0.0093107,           0.0093107
                  36,              1.5485,             0.87419,              1.4532,                   0,                   0,                   0,                   0,                   0,                   0,                   0,           0.0092706,           0.0092706,           0.0092706
                  37,              1.5351,             0.86903,              1.4475,                   0,                   0,                   0,                   0,                   0,                   0,                   0,           0.0092294,           0.0092294,           0.0092294
                  38,              1.5359,             0.87883,              1.4577,                   0,                   0,                   0,                   0,                   0,                   0,                   0,           0.0091872,           0.0091872,           0.0091872
                  39,              1.5295,              0.8717,              1.4697,                   0,                   0,                   0,                   0,                   0,                   0,                   0,            0.009144,            0.009144,            0.009144
                  40,              1.5216,             0.86233,              1.4548,                   0,                   0,                   0,                   0,                   0,                   0,                   0,           0.0090998,           0.0090998,           0.0090998
                  41,              1.5209,             0.86008,              1.4473,                   0,                   0,                   0,                   0,                   0,                   0,                   0,           0.0090546,           0.0090546,           0.0090546
                  42,              1.5127,             0.85585,              1.4511,                   0,                   0,                   0,                   0,                   0,                   0,                   0,           0.0090084,           0.0090084,           0.0090084
                  43,               1.519,             0.85938,               1.451,                   0,                   0,                   0,                   0,                   0,                   0,                   0,           0.0089613,           0.0089613,           0.0089613
                  44,              1.5174,             0.85973,              1.4406,                   0,                   0,                   0,                   0,                   0,                   0,                   0,           0.0089131,           0.0089131,           0.0089131
                  45,              1.5047,             0.86283,              1.4474,                   0,                   0,                   0,                   0,                   0,                   0,                   0,            0.008864,            0.008864,            0.008864
                  46,              1.5111,             0.85002,              1.4416,                   0,                   0,                   0,                   0,                   0,                   0,                   0,            0.008814,            0.008814,            0.008814
                  47,              1.5162,             0.84879,              1.4363,                   0,                   0,                   0,                   0,                   0,                   0,                   0,            0.008763,            0.008763,            0.008763
                  48,              1.4897,               0.835,              1.4301,                   0,                   0,                   0,                   0,                   0,                   0,                   0,           0.0087112,           0.0087112,           0.0087112
                  49,              1.4945,             0.90159,              1.4268,                   0,                   0,                   0,                   0,                   0,                   0,                   0,           0.0086584,           0.0086584,           0.0086584
                  50,              1.4828,             0.82258,              1.4211,                   0,                   0,                   0,                   0,                   0,                   0,                   0,           0.0086047,           0.0086047,           0.0086047
                  51,               1.491,             0.82546,              1.4319,                   0,                   0,                   0,                   0,                   0,                   0,                   0,           0.0085502,           0.0085502,           0.0085502
                  52,              1.4873,             0.82378,              1.4245,                   0,                   0,                   0,                   0,                   0,                   0,                   0,           0.0084948,           0.0084948,           0.0084948
                  53,              1.4923,             0.82385,              1.4219,                   0,                   0,                   0,                   0,                   0,                   0,                   0,           0.0084385,           0.0084385,           0.0084385
                  54,              1.4792,             0.83056,              1.4268,                   0,                   0,                   0,                   0,                   0,                   0,                   0,           0.0083814,           0.0083814,           0.0083814
                  55,              1.4715,             0.81693,              1.4149,                   0,                   0,                   0,                   0,                   0,                   0,                   0,           0.0083235,           0.0083235,           0.0083235
                  56,              1.4702,             0.83276,              1.4237,                   0,                   0,                   0,                   0,                   0,                   0,                   0,           0.0082648,           0.0082648,           0.0082648
                  57,              1.4563,              0.8067,              1.4189,                   0,                   0,                   0,                   0,                   0,                   0,                   0,           0.0082052,           0.0082052,           0.0082052
                  58,              1.4715,             0.81854,              1.4172,                   0,                   0,                   0,                   0,                   0,                   0,                   0,            0.008145,            0.008145,            0.008145
                  59,              1.4778,             0.81848,              1.4155,                   0,                   0,                   0,                   0,                   0,                   0,                   0,           0.0080839,           0.0080839,           0.0080839
                  60,              1.4644,             0.81464,              1.4155,                   0,                   0,                   0,                   0,                   0,                   0,                   0,           0.0080221,           0.0080221,           0.0080221
                  61,              1.4471,               0.805,              1.4018,                   0,                   0,                   0,                   0,                   0,                   0,                   0,           0.0079595,           0.0079595,           0.0079595
                  62,              1.4688,             0.82038,              1.4258,                   0,                   0,                   0,                   0,                   0,                   0,                   0,           0.0078963,           0.0078963,           0.0078963
                  63,              1.4511,             0.81356,              1.4197,                   0,                   0,                   0,                   0,                   0,                   0,                   0,           0.0078323,           0.0078323,           0.0078323
                  64,              1.4604,             0.80414,              1.4119,                   0,                   0,                   0,                   0,                   0,                   0,                   0,           0.0077677,           0.0077677,           0.0077677
                  65,              1.4652,             0.81019,               1.415,                   0,                   0,                   0,                   0,                   0,                   0,                   0,           0.0077023,           0.0077023,           0.0077023
                  66,              1.4272,             0.79135,              1.3962,                   0,                   0,                   0,                   0,                   0,                   0,                   0,           0.0076364,           0.0076364,           0.0076364
                  67,              1.4409,             0.80129,              1.4077,                   0,                   0,                   0,                   0,                   0,                   0,                   0,           0.0075698,           0.0075698,           0.0075698
                  68,              1.4393,             0.79879,              1.4037,                   0,                   0,                   0,                   0,                   0,                   0,                   0,           0.0075025,           0.0075025,           0.0075025
                  69,              1.4282,             0.78398,              1.4004,                   0,                   0,                   0,                   0,                   0,                   0,                   0,           0.0074347,           0.0074347,           0.0074347
                  70,              1.4174,             0.77976,              1.3865,                   0,                   0,                   0,                   0,                   0,                   0,                   0,           0.0073663,           0.0073663,           0.0073663
                  71,              1.4215,             0.78043,              1.3874,                   0,                   0,                   0,                   0,                   0,                   0,                   0,           0.0072973,           0.0072973,           0.0072973
                  72,               1.411,             0.78475,              1.3928,                   0,                   0,                   0,                   0,                   0,                   0,                   0,           0.0072277,           0.0072277,           0.0072277
                  73,              1.4206,              0.7667,              1.3938,                   0,                   0,                   0,                   0,                   0,                   0,                   0,           0.0071576,           0.0071576,           0.0071576
                  74,              1.4217,             0.77349,              1.3908,                   0,                   0,                   0,                   0,                   0,                   0,                   0,            0.007087,            0.007087,            0.007087
                  75,              1.4141,              0.7782,              1.3928,                   0,                   0,                   0,                   0,                   0,                   0,                   0,           0.0070159,           0.0070159,           0.0070159
                  76,              1.4055,             0.77389,              1.3799,                   0,                   0,                   0,                   0,                   0,                   0,                   0,           0.0069443,           0.0069443,           0.0069443
                  77,              1.3929,             0.75825,              1.3806,                   0,                   0,                   0,                   0,                   0,                   0,                   0,           0.0068722,           0.0068722,           0.0068722
                  78,              1.4126,             0.77957,              1.3905,                   0,                   0,                   0,                   0,                   0,                   0,                   0,           0.0067997,           0.0067997,           0.0067997
                  79,              1.3833,             0.75767,              1.3743,                   0,                   0,                   0,                   0,                   0,                   0,                   0,           0.0067268,           0.0067268,           0.0067268
                  80,              1.3867,             0.75495,              1.3759,                   0,                   0,                   0,                   0,                   0,                   0,                   0,           0.0066534,           0.0066534,           0.0066534
                  81,              1.3857,             0.76859,               1.381,                   0,                   0,                   0,                   0,                   0,                   0,                   0,           0.0065796,           0.0065796,           0.0065796
                  82,              1.3724,              0.7584,              1.3732,                   0,                   0,                   0,                   0,                   0,                   0,                   0,           0.0065055,           0.0065055,           0.0065055
                  83,              1.3904,             0.76254,              1.3713,                   0,                   0,                   0,                   0,                   0,                   0,                   0,            0.006431,            0.006431,            0.006431
                  84,              1.3856,             0.75602,              1.3756,                   0,                   0,                   0,                   0,                   0,                   0,                   0,           0.0063562,           0.0063562,           0.0063562
                  85,              1.3881,             0.75126,              1.3742,                   0,                   0,                   0,                   0,                   0,                   0,                   0,            0.006281,            0.006281,            0.006281
                  86,              1.3604,             0.74238,              1.3661,                   0,                   0,                   0,                   0,                   0,                   0,                   0,           0.0062056,           0.0062056,           0.0062056
                  87,               1.371,             0.74326,              1.3674,                   0,                   0,                   0,                   0,                   0,                   0,                   0,           0.0061298,           0.0061298,           0.0061298
                  88,              1.3698,             0.74722,              1.3638,                   0,                   0,                   0,                   0,                   0,                   0,                   0,           0.0060538,           0.0060538,           0.0060538
                  89,              1.3608,             0.73734,              1.3664,                   0,                   0,                   0,                   0,                   0,                   0,                   0,           0.0059775,           0.0059775,           0.0059775
                  90,              1.3574,             0.73699,              1.3642,                   0,                   0,                   0,                   0,                   0,                   0,                   0,            0.005901,            0.005901,            0.005901
                  91,              1.3546,             0.73976,              1.3615,                   0,                   0,                   0,                   0,                   0,                   0,                   0,           0.0058244,           0.0058244,           0.0058244
                  92,              1.3604,             0.73241,               1.362,                   0,                   0,                   0,                   0,                   0,                   0,                   0,           0.0057475,           0.0057475,           0.0057475
                  93,              1.3458,             0.73197,              1.3545,                   0,                   0,                   0,                   0,                   0,                   0,                   0,           0.0056704,           0.0056704,           0.0056704
                  94,              1.3477,               0.724,              1.3553,                   0,                   0,                   0,                   0,                   0,                   0,                   0,           0.0055932,           0.0055932,           0.0055932
                  95,              1.3363,             0.72419,              1.3527,                   0,                   0,                   0,                   0,                   0,                   0,                   0,           0.0055158,           0.0055158,           0.0055158
                  96,              1.3442,             0.72764,              1.3578,                   0,                   0,                   0,                   0,                   0,                   0,                   0,           0.0054384,           0.0054384,           0.0054384
                  97,              1.3216,             0.70513,              1.3452,                   0,                   0,                   0,                   0,                   0,                   0,                   0,           0.0053608,           0.0053608,           0.0053608
                  98,               1.318,             0.71213,              1.3394,                   0,                   0,                   0,                   0,                   0,                   0,                   0,           0.0052832,           0.0052832,           0.0052832
                  99,              1.3244,             0.71893,              1.3491,                   0,                   0,                   0,                   0,                   0,                   0,                   0,           0.0052055,           0.0052055,           0.0052055
                 100,              1.3134,             0.70149,              1.3468,                   0,                   0,                   0,                   0,                   0,                   0,                   0,           0.0051278,           0.0051278,           0.0051278
                 101,               1.331,             0.71142,              1.3473,                   0,                   0,                   0,                   0,                   0,                   0,                   0,             0.00505,             0.00505,             0.00505
                 102,              1.3204,             0.71375,              1.3424,                   0,                   0,                   0,                   0,                   0,                   0,                   0,           0.0049722,           0.0049722,           0.0049722
                 103,              1.3251,             0.71269,              1.3398,                   0,                   0,                   0,                   0,                   0,                   0,                   0,           0.0048945,           0.0048945,           0.0048945
                 104,              1.3205,             0.71362,              1.3419,                   0,                   0,                   0,                   0,                   0,                   0,                   0,           0.0048168,           0.0048168,           0.0048168
                 105,               1.309,             0.69639,              1.3452,                   0,                   0,                   0,                   0,                   0,                   0,                   0,           0.0047392,           0.0047392,           0.0047392
                 106,              1.2982,             0.70311,              1.3335,                   0,                   0,                   0,                   0,                   0,                   0,                   0,           0.0046616,           0.0046616,           0.0046616
                 107,              1.2949,             0.69689,              1.3329,                   0,                   0,                   0,                   0,                   0,                   0,                   0,           0.0045842,           0.0045842,           0.0045842
                 108,              1.3011,             0.69748,              1.3325,                   0,                   0,                   0,                   0,                   0,                   0,                   0,           0.0045068,           0.0045068,           0.0045068
                 109,              1.2949,             0.70449,              1.3281,                   0,                   0,                   0,                   0,                   0,                   0,                   0,           0.0044296,           0.0044296,           0.0044296
                 110,              1.2692,             0.68236,               1.324,                   0,                   0,                   0,                   0,                   0,                   0,                   0,           0.0043525,           0.0043525,           0.0043525
                 111,              1.2884,             0.70057,              1.3323,                   0,                   0,                   0,                   0,                   0,                   0,                   0,           0.0042756,           0.0042756,           0.0042756
                 112,              1.2857,             0.68617,              1.3295,                   0,                   0,                   0,                   0,                   0,                   0,                   0,            0.004199,            0.004199,            0.004199
                 113,              1.2645,             0.68119,              1.3159,                   0,                   0,                   0,                   0,                   0,                   0,                   0,           0.0041225,           0.0041225,           0.0041225
                 114,               1.275,             0.67701,              1.3124,                   0,                   0,                   0,                   0,                   0,                   0,                   0,           0.0040462,           0.0040462,           0.0040462
                 115,               1.272,             0.68723,              1.3214,                   0,                   0,                   0,                   0,                   0,                   0,                   0,           0.0039702,           0.0039702,           0.0039702
                 116,              1.2682,             0.67522,              1.3121,                   0,                   0,                   0,                   0,                   0,                   0,                   0,           0.0038944,           0.0038944,           0.0038944
                 117,              1.2742,             0.67214,              1.3172,                   0,                   0,                   0,                   0,                   0,                   0,                   0,            0.003819,            0.003819,            0.003819
                 118,              1.2627,             0.67949,              1.3197,                   0,                   0,                   0,                   0,                   0,                   0,                   0,           0.0037438,           0.0037438,           0.0037438
                 119,              1.2672,             0.67783,              1.3068,                   0,                   0,                   0,                   0,                   0,                   0,                   0,            0.003669,            0.003669,            0.003669
                 120,              1.2599,              0.6743,              1.3202,                   0,                   0,                   0,                   0,                   0,                   0,                   0,           0.0035945,           0.0035945,           0.0035945
                 121,              1.2466,             0.67147,              1.3052,                   0,                   0,                   0,                   0,                   0,                   0,                   0,           0.0035204,           0.0035204,           0.0035204
                 122,              1.2517,             0.66676,              1.3105,                   0,                   0,                   0,                   0,                   0,                   0,                   0,           0.0034466,           0.0034466,           0.0034466
                 123,              1.2455,             0.65659,              1.3051,                   0,                   0,                   0,                   0,                   0,                   0,                   0,           0.0033732,           0.0033732,           0.0033732
                 124,              1.2394,             0.65669,              1.3019,                   0,                   0,                   0,                   0,                   0,                   0,                   0,           0.0033003,           0.0033003,           0.0033003
                 125,              1.2262,             0.64781,              1.2968,                   0,                   0,                   0,                   0,                   0,                   0,                   0,           0.0032278,           0.0032278,           0.0032278
                 126,              1.2298,             0.65297,              1.3011,                   0,                   0,                   0,                   0,                   0,                   0,                   0,           0.0031557,           0.0031557,           0.0031557
                 127,              1.2219,              0.6431,              1.2959,                   0,                   0,                   0,                   0,                   0,                   0,                   0,           0.0030841,           0.0030841,           0.0030841
                 128,              1.2196,             0.64633,              1.2954,                   0,                   0,                   0,                   0,                   0,                   0,                   0,            0.003013,            0.003013,            0.003013
                 129,              1.2255,             0.64678,               1.294,                   0,                   0,                   0,                   0,                   0,                   0,                   0,           0.0029424,           0.0029424,           0.0029424
                 130,              1.2217,             0.65309,              1.3031,                   0,                   0,                   0,                   0,                   0,                   0,                   0,           0.0028723,           0.0028723,           0.0028723
                 131,              1.2135,             0.65063,              1.2918,                   0,                   0,                   0,                   0,                   0,                   0,                   0,           0.0028027,           0.0028027,           0.0028027
                 132,               1.231,             0.65914,              1.3017,                   0,                   0,                   0,                   0,                   0,                   0,                   0,           0.0027337,           0.0027337,           0.0027337
                 133,              1.2189,             0.64522,               1.286,                   0,                   0,                   0,                   0,                   0,                   0,                   0,           0.0026653,           0.0026653,           0.0026653
                 134,              1.2123,             0.64551,              1.2927,                   0,                   0,                   0,                   0,                   0,                   0,                   0,           0.0025975,           0.0025975,           0.0025975
                 135,              1.2018,             0.64179,              1.2884,                   0,                   0,                   0,                   0,                   0,                   0,                   0,           0.0025302,           0.0025302,           0.0025302
                 136,              1.1887,             0.63147,              1.2793,                   0,                   0,                   0,                   0,                   0,                   0,                   0,           0.0024636,           0.0024636,           0.0024636
                 137,              1.1825,             0.62805,              1.2784,                   0,                   0,                   0,                   0,                   0,                   0,                   0,           0.0023977,           0.0023977,           0.0023977
                 138,              1.1893,             0.62951,              1.2816,                   0,                   0,                   0,                   0,                   0,                   0,                   0,           0.0023323,           0.0023323,           0.0023323
                 139,              1.1929,              0.6302,              1.2876,                   0,                   0,                   0,                   0,                   0,                   0,                   0,           0.0022677,           0.0022677,           0.0022677
                 140,              1.1847,             0.62801,              1.2851,                   0,                   0,                   0,                   0,                   0,                   0,                   0,           0.0022037,           0.0022037,           0.0022037
                 141,              1.1779,             0.62838,              1.2821,                   0,                   0,                   0,                   0,                   0,                   0,                   0,           0.0021405,           0.0021405,           0.0021405
                 142,              1.1748,             0.62191,              1.2679,                   0,                   0,                   0,                   0,                   0,                   0,                   0,           0.0020779,           0.0020779,           0.0020779
                 143,              1.1833,             0.63094,              1.2862,                   0,                   0,                   0,                   0,                   0,                   0,                   0,           0.0020161,           0.0020161,           0.0020161
                 144,              1.1701,             0.60998,              1.2682,                   0,                   0,                   0,                   0,                   0,                   0,                   0,            0.001955,            0.001955,            0.001955
                 145,              1.1545,             0.60659,              1.2701,                   0,                   0,                   0,                   0,                   0,                   0,                   0,           0.0018948,           0.0018948,           0.0018948
                 146,              1.1744,             0.62176,              1.2741,                   0,                   0,                   0,                   0,                   0,                   0,                   0,           0.0018352,           0.0018352,           0.0018352
                 147,              1.1549,             0.61845,               1.269,                   0,                   0,                   0,                   0,                   0,                   0,                   0,           0.0017765,           0.0017765,           0.0017765
                 148,              1.1448,             0.60822,              1.2705,                   0,                   0,                   0,                   0,                   0,                   0,                   0,           0.0017186,           0.0017186,           0.0017186
                 149,              1.1441,             0.60136,              1.2622,                   0,                   0,                   0,                   0,                   0,                   0,                   0,           0.0016615,           0.0016615,           0.0016615
                 150,              1.1615,               0.616,              1.2692,                   0,                   0,                   0,                   0,                   0,                   0,                   0,           0.0016052,           0.0016052,           0.0016052
                 151,              1.1392,             0.60372,               1.259,                   0,                   0,                   0,                   0,                   0,                   0,                   0,           0.0015498,           0.0015498,           0.0015498
                 152,              1.1372,             0.60057,               1.264,                   0,                   0,                   0,                   0,                   0,                   0,                   0,           0.0014953,           0.0014953,           0.0014953
                 153,              1.1524,             0.61092,              1.2645,                   0,                   0,                   0,                   0,                   0,                   0,                   0,           0.0014416,           0.0014416,           0.0014416
                 154,              1.1548,              0.6128,              1.2648,                   0,                   0,                   0,                   0,                   0,                   0,                   0,           0.0013888,           0.0013888,           0.0013888
                 155,              1.1458,             0.60233,               1.257,                   0,                   0,                   0,                   0,                   0,                   0,                   0,            0.001337,            0.001337,            0.001337
                 156,              1.1248,             0.58505,              1.2429,                   0,                   0,                   0,                   0,                   0,                   0,                   0,            0.001286,            0.001286,            0.001286
                 157,              1.1449,             0.60359,              1.2538,                   0,                   0,                   0,                   0,                   0,                   0,                   0,            0.001236,            0.001236,            0.001236
                 158,              1.1222,             0.58954,              1.2548,                   0,                   0,                   0,                   0,                   0,                   0,                   0,           0.0011869,           0.0011869,           0.0011869
                 159,              1.1482,             0.60333,              1.2597,                   0,                   0,                   0,                   0,                   0,                   0,                   0,           0.0011387,           0.0011387,           0.0011387
                 160,              1.1242,             0.59769,              1.2507,                   0,                   0,                   0,                   0,                   0,                   0,                   0,           0.0010916,           0.0010916,           0.0010916
                 161,              1.1298,             0.59914,              1.2524,                   0,                   0,                   0,                   0,                   0,                   0,                   0,           0.0010454,           0.0010454,           0.0010454
                 162,              1.1498,              0.6095,              1.2628,                   0,                   0,                   0,                   0,                   0,                   0,                   0,           0.0010002,           0.0010002,           0.0010002
                 163,              1.1056,             0.58389,              1.2468,                   0,                   0,                   0,                   0,                   0,                   0,                   0,          0.00095595,          0.00095595,          0.00095595
                 164,              1.1363,             0.60009,               1.268,                   0,                   0,                   0,                   0,                   0,                   0,                   0,          0.00091275,          0.00091275,          0.00091275
                 165,              1.1189,             0.58236,              1.2503,                   0,                   0,                   0,                   0,                   0,                   0,                   0,          0.00087058,          0.00087058,          0.00087058
                 166,              1.1189,              0.5887,              1.2508,                   0,                   0,                   0,                   0,                   0,                   0,                   0,          0.00082943,          0.00082943,          0.00082943
                 167,              1.1209,             0.59155,              1.2528,                   0,                   0,                   0,                   0,                   0,                   0,                   0,          0.00078933,          0.00078933,          0.00078933
                 168,              1.1139,             0.58399,              1.2512,                   0,                   0,                   0,                   0,                   0,                   0,                   0,          0.00075027,          0.00075027,          0.00075027
                 169,              1.1068,               0.594,              1.2554,                   0,                   0,                   0,                   0,                   0,                   0,                   0,          0.00071228,          0.00071228,          0.00071228
                 170,              1.1126,             0.58866,              1.2534,                   0,                   0,                   0,                   0,                   0,                   0,                   0,          0.00067536,          0.00067536,          0.00067536
                 171,              1.1093,             0.58858,              1.2461,                   0,                   0,                   0,                   0,                   0,                   0,                   0,          0.00063952,          0.00063952,          0.00063952
                 172,               1.111,               0.593,              1.2484,                   0,                   0,                   0,                   0,                   0,                   0,                   0,          0.00060476,          0.00060476,          0.00060476
                 173,               1.106,             0.59148,              1.2541,                   0,                   0,                   0,                   0,                   0,                   0,                   0,          0.00057111,          0.00057111,          0.00057111
                 174,              1.1065,             0.58447,              1.2419,                   0,                   0,                   0,                   0,                   0,                   0,                   0,          0.00053855,          0.00053855,          0.00053855
                 175,              1.0999,             0.58478,              1.2481,                   0,                   0,                   0,                   0,                   0,                   0,                   0,          0.00050711,          0.00050711,          0.00050711
                 176,              1.0862,             0.57325,              1.2383,                   0,                   0,                   0,                   0,                   0,                   0,                   0,           0.0004768,           0.0004768,           0.0004768
                 177,              1.0865,             0.57893,              1.2367,                   0,                   0,                   0,                   0,                   0,                   0,                   0,          0.00044761,          0.00044761,          0.00044761
                 178,              1.0893,             0.57468,              1.2376,                   0,                   0,                   0,                   0,                   0,                   0,                   0,          0.00041955,          0.00041955,          0.00041955
                 179,              1.0913,             0.57388,              1.2405,                   0,                   0,                   0,                   0,                   0,                   0,                   0,          0.00039264,          0.00039264,          0.00039264
                 180,              1.0815,             0.57482,              1.2394,                   0,                   0,                   0,                   0,                   0,                   0,                   0,          0.00036688,          0.00036688,          0.00036688
                 181,              1.0854,             0.57293,               1.239,                   0,                   0,                   0,                   0,                   0,                   0,                   0,          0.00034227,          0.00034227,          0.00034227
                 182,              1.0831,             0.56974,              1.2332,                   0,                   0,                   0,                   0,                   0,                   0,                   0,          0.00031882,          0.00031882,          0.00031882
                 183,              1.0872,              0.5751,              1.2347,                   0,                   0,                   0,                   0,                   0,                   0,                   0,          0.00029655,          0.00029655,          0.00029655
                 184,                1.08,             0.57281,              1.2391,                   0,                   0,                   0,                   0,                   0,                   0,                   0,          0.00027544,          0.00027544,          0.00027544
                 185,             0.96495,             0.47127,              1.1824,                   0,                   0,                   0,                   0,                   0,                   0,                   0,          0.00025551,          0.00025551,          0.00025551
                 186,             0.96436,             0.46442,              1.1789,                   0,                   0,                   0,                   0,                   0,                   0,                   0,          0.00023677,          0.00023677,          0.00023677
                 187,             0.94879,             0.45774,               1.178,                   0,                   0,                   0,                   0,                   0,                   0,                   0,          0.00021921,          0.00021921,          0.00021921
                 188,             0.95732,             0.46243,              1.1749,                   0,                   0,                   0,                   0,                   0,                   0,                   0,          0.00020285,          0.00020285,          0.00020285
                 189,             0.95657,             0.45949,              1.1813,                   0,                   0,                   0,                   0,                   0,                   0,                   0,          0.00018768,          0.00018768,          0.00018768
                 190,             0.94084,             0.45508,              1.1682,                   0,                   0,                   0,                   0,                   0,                   0,                   0,          0.00017371,          0.00017371,          0.00017371
                 191,             0.92756,             0.44898,              1.1611,                   0,                   0,                   0,                   0,                   0,                   0,                   0,          0.00016094,          0.00016094,          0.00016094
                 192,             0.92757,             0.44801,              1.1623,                   0,                   0,                   0,                   0,                   0,                   0,                   0,          0.00014938,          0.00014938,          0.00014938
                 193,             0.93028,             0.45161,              1.1744,                   0,                   0,                   0,                   0,                   0,                   0,                   0,          0.00013903,          0.00013903,          0.00013903
                 194,             0.92558,             0.44913,              1.1685,                   0,                   0,                   0,                   0,                   0,                   0,                   0,          0.00012989,          0.00012989,          0.00012989
                 195,             0.92474,             0.44709,              1.1618,                   0,                   0,                   0,                   0,                   0,                   0,                   0,          0.00012197,          0.00012197,          0.00012197
                 196,             0.93469,             0.44705,              1.1717,                   0,                   0,                   0,                   0,                   0,                   0,                   0,          0.00011526,          0.00011526,          0.00011526
                 197,             0.92703,             0.45308,              1.1688,                   0,                   0,                   0,                   0,                   0,                   0,                   0,          0.00010977,          0.00010977,          0.00010977
                 198,             0.92611,             0.44986,              1.1691,                   0,                   0,                   0,                   0,                   0,                   0,                   0,           0.0001055,           0.0001055,           0.0001055
                 199,             0.92702,             0.44749,               1.167,             0.82463,             0.81073,             0.85282,             0.49663,                   0,                   0,                   0,          0.00010244,          0.00010244,          0.00010244
